parkCode,year,recreationVisits,nonRecreationVisits
glca,2007,1894114.0,19306.0
goga,2007,14397313.0,0.0
natr,2007,5777666.0,7248237.0
gate,2007,8813204.0,1358523.0
blca,2007,219576.0,0.0
biso,2007,626751.0,0.0
mora,2007,1047685.0,520183.0
bisc,2007,517442.0,0.0
dewa,2007,4836229.0,202667.0
colm,2007,395260.0,318969.0
lake,2007,7622139.0,276450.0
grca,2007,4413668.0,102069.0
olym,2007,2988686.0,868793.0
noca,2007,19534.0,0.0
redw,2007,385171.0,0.0
deva,2007,704122.0,24856.0
grsm,2007,9372253.0,11671604.0
yose,2007,3503428.0,134043.0
dena,2007,458308.0,724493.0
blri,2007,17352286.0,1942260.0
grte,2007,2588574.0,1389996.0
bith,2007,95285.0,0.0
caha,2007,2237378.0,115835.0
guis,2007,2034294.0,84618.0
hale,2007,1322817.0,29088.0
acad,2007,2202228.0,47100.0
cure,2007,964640.0,0.0
chic,2007,1368806.0,1401050.0
zion,2007,2657281.0,21900.0
caco,2007,4351609.0,29548.0
lamr,2007,984108.0,0.0
seki,2007,,
pore,2007,2206294.0,25788.0
whis,2007,782014.0,6082.0
apis,2007,182396.0,1054.0
buff,2007,1194043.0,0.0
chis,2007,360806.0,14249.0
nace,2007,,
colo,2007,3343910.0,2088221.0
badl,2007,886654.0,18864.0
wica,2007,603158.0,237830.0
gari,2007,118169.0,0.0
upde,2007,248284.0,2130.0
laro,2007,1450438.0,1200.0
yell,2007,3151343.0,991117.0
glec,2007,,
neri,2007,1178012.0,2400.0
katm,2007,82634.0,325.0
gicl,2007,41690.0,0.0
calo,2007,860602.0,4800.0
romo,2007,2895383.0,195491.0
bawa,2007,,
natr,2008,5747235.0,8155056.0
bisc,2008,686062.0,0.0
seki,2008,,
chch,2008,993535.0,2296418.0
lake,2008,7601863.0,275717.0
yose,2008,3431514.0,130142.0
grsm,2008,9044010.0,11229220.0
dewa,2008,5127074.0,130210.0
gate,2008,9431021.0,1282521.0
hale,2008,1185068.0,29088.0
grca,2008,4425314.0,65831.0
mora,2008,1163227.0,572811.0
shen,2008,1075878.0,10962.0
goga,2008,14554750.0,0.0
liri,2008,197693.0,0.0
suit,2008,,
noca,2008,18725.0,0.0
bith,2008,93634.0,0.0
buff,2008,1405802.0,0.0
pinn,2008,166988.0,0.0
chic,2008,1230609.0,1485026.0
redw,2008,396899.0,0.0
neri,2008,1212854.0,2400.0
bawa,2008,,
gwmp,2008,7009630.0,30316056.0
cure,2008,1007444.0,0.0
cany,2008,436715.0,0.0
blri,2008,16309307.0,1942260.0
guis,2008,2054201.0,78706.0
romo,2008,2757390.0,172362.0
chat,2008,2826171.0,0.0
glca,2008,1947507.0,19852.0
sagu,2008,699137.0,2040044.0
grte,2008,2485987.0,1346029.0
maca,2008,446174.0,137944.0
upde,2008,284347.0,2130.0
dena,2008,432309.0,754986.0
biso,2008,675928.0,0.0
indu,2008,1833596.0,29957.0
dino,2008,201724.0,732.0
grfa,2008,,
glac,2008,1808027.0,18538.0
lavo,2008,377361.0,0.0
caha,2008,2146392.0,108724.0
moja,2008,618285.0,0.0
gari,2008,112262.0,0.0
nama,2008,,
zion,2008,2690154.0,21900.0
amis,2008,1980717.0,1128.0
hafe,2008,254162.0,0.0
cuva,2008,2828233.0,204.0
goga,2009,15036372.0,0.0
lake,2009,7668689.0,278141.0
havo,2009,1233105.0,1820039.0
choh,2009,3751681.0,11880.0
voya,2009,222429.0,2580.0
grsm,2009,9491437.0,11743856.0
grca,2009,4348068.0,70710.0
bawa,2009,,
hosp,2009,1284707.0,2079230.0
chat,2009,2830655.0,0.0
jotr,2009,1304471.0,4823.0
natr,2009,5934363.0,9433442.0
grfa,2009,,
bisc,2009,437745.0,0.0
sacn,2009,564326.0,0.0
guis,2009,4132674.0,92255.0
glca,2009,1960345.0,19349.0
romo,2009,2822325.0,169204.0
neri,2009,1144318.0,2400.0
yose,2009,3737472.0,141586.0
viis,2009,415847.0,281864.0
chic,2009,1238484.0,1489028.0
bibe,2009,363905.0,2364.0
dena,2009,358041.0,826692.0
rich,2009,134634.0,149200.0
moja,2009,528865.0,0.0
caha,2009,2282543.0,121919.0
dewa,2009,5213030.0,123984.0
seki,2009,,
upde,2009,258311.0,2130.0
deva,2009,828574.0,29526.0
dino,2009,203862.0,732.0
bith,2009,100509.0,0.0
lavo,2009,365639.0,0.0
blue,2009,45904.0,0.0
sagu,2009,665234.0,2161236.0
gate,2009,9010522.0,1297184.0
zion,2009,2735402.0,21900.0
noca,2009,26972.0,0.0
slbe,2009,1165836.0,0.0
blri,2009,15936316.0,1942260.0
colo,2009,3324751.0,2092202.0
glac,2009,2031348.0,22986.0
acad,2009,2227698.0,47100.0
laro,2009,1382663.0,1200.0
yell,2009,3295187.0,856988.0
grte,2009,2580081.0,1265757.0
gari,2009,113185.0,0.0
chis,2009,348745.0,13388.0
grsa,2009,289955.0,470.0
natr,2010,5910950.0,8081771.0
grsm,2010,9463538.0,11571286.0
neri,2010,1151213.0,2400.0
yose,2010,3901408.0,146473.0
goga,2010,14271503.0,0.0
sagu,2010,717614.0,2282663.0
chch,2010,991901.0,2284787.0
glac,2010,2200048.0,18445.0
ozar,2010,1416529.0,0.0
pore,2010,2067271.0,25788.0
casa,2010,708549.0,0.0
amis,2010,1574322.0,1128.0
havo,2010,1304667.0,1857057.0
zion,2010,2665972.0,21900.0
blri,2010,14517118.0,1942260.0
ever,2010,915538.0,4518.0
chis,2010,277515.0,10671.0
dena,2010,378855.0,872110.0
bisc,2010,467612.0,0.0
yell,2010,3640185.0,912663.0
dewa,2010,5285761.0,125831.0
grfa,2010,,
viis,2010,493477.0,330625.0
mora,2010,1191754.0,540163.0
lake,2010,7080758.0,256815.0
buff,2010,1545599.0,0.0
glca,2010,2124467.0,26075.0
caco,2010,4653706.0,29548.0
grsa,2010,283284.0,470.0
seki,2010,,
indu,2010,2150345.0,15261.0
olym,2010,2844563.0,884680.0
pais,2010,612716.0,1800.0
grca,2010,4388386.0,81881.0
romo,2010,2955821.0,172626.0
vafo,2010,1617511.0,0.0
grte,2010,2669374.0,1332651.0
oxhi,2010,,
gate,2010,8820757.0,1226014.0
laro,2010,1324074.0,1200.0
deva,2010,984775.0,35766.0
biso,2010,656374.0,0.0
caha,2010,2193292.0,115488.0
guis,2010,4283747.0,92957.0
noca,2010,24659.0,0.0
apis,2010,156945.0,1054.0
redw,2010,418820.0,0.0
gari,2010,107223.0,0.0
bica,2010,258637.0,6900.0
appa,2010,,
samo,2010,568371.0,65054.0
cuva,2010,2492670.0,186.0
grca,2011,4298178.0,62265.0
goga,2011,14567487.0,0.0
acad,2011,2374645.0,47100.0
indu,2011,1840513.0,5585.0
colo,2011,3414577.0,2058516.0
glac,2011,1853564.0,22914.0
deva,2011,946867.0,34324.0
neri,2011,1071088.0,2400.0
guis,2011,5501872.0,108136.0
chat,2011,3161297.0,0.0
jotr,2011,1396237.0,5153.0
gwmp,2011,7417397.0,29992876.0
grte,2011,2587437.0,1279142.0
biso,2011,606579.0,0.0
dena,2011,406582.0,866398.0
glca,2011,2270817.0,26396.0
cuva,2011,2161185.0,192.0
mora,2011,1038229.0,457381.0
yose,2011,3951393.0,147255.0
lamr,2011,734030.0,0.0
dewa,2011,4986700.0,112277.0
upde,2011,270390.0,2130.0
buff,2011,1169802.0,0.0
lake,2011,6396682.0,232005.0
hale,2011,956989.0,29088.0
apis,2011,176040.0,1054.0
havo,2011,1352123.0,1858740.0
blri,2011,15382447.0,1942260.0
bibe,2011,361862.0,2364.0
whsa,2011,428924.0,0.0
grsm,2011,9008830.0,11287493.0
moja,2011,536006.0,0.0
caha,2011,1960711.0,102202.0
noca,2011,19208.0,0.0
ozar,2011,1365960.0,0.0
seki,2011,,
choh,2011,3937504.0,11880.0
yell,2011,3394326.0,975516.0
cana,2011,1005001.0,0.0
laro,2011,1523474.0,1200.0
cure,2011,924468.0,0.0
sacn,2011,273729.0,0.0
natr,2011,5765343.0,8759874.0
brca,2011,1296000.0,323599.0
shen,2011,1209883.0,10962.0
caco,2011,4454771.0,29548.0
bica,2011,201010.0,6900.0
slbe,2011,1348304.0,0.0
prwi,2011,379535.0,480.0
bisc,2011,476077.0,0.0
bawa,2011,,
asis,2011,2105419.0,3600.0
viis,2011,442414.0,324896.0
sara,2011,65043.0,94810.0
lake,2012,6285439.0,227969.0
grca,2012,4421352.0,51607.0
mora,2012,1049178.0,496082.0
sagu,2012,634286.0,2517040.0
yose,2012,3853404.0,142613.0
grte,2012,2705256.0,1213162.0
chis,2012,249594.0,5141.0
deva,2012,984568.0,35343.0
wica,2012,529083.0,224663.0
liri,2012,201109.0,0.0
bith,2012,135262.0,0.0
indu,2012,1889381.0,5253.0
neri,2012,1128195.0,2400.0
blri,2012,15205059.0,1942260.0
dewa,2012,4970802.0,115471.0
gari,2012,115283.0,0.0
moja,2012,542527.0,0.0
natr,2012,5560668.0,7411752.0
dena,2012,388433.0,885179.0
biso,2012,600161.0,0.0
lamr,2012,502457.0,0.0
glca,2012,2061328.0,22890.0
cach,2012,828523.0,1221144.0
colo,2012,3274187.0,2235890.0
jotr,2012,1396117.0,5106.0
acad,2012,2431052.0,47100.0
frhi,2012,34289.0,0.0
niob,2012,65999.0,0.0
caha,2012,2302040.0,123219.0
ozar,2012,1406781.0,0.0
grsm,2012,9685829.0,11090194.0
pore,2012,2412663.0,25788.0
romo,2012,3229617.0,8750.0
thro,2012,640555.0,6578.0
ever,2012,1141906.0,2273.0
seki,2012,,
glac,2012,2162035.0,19733.0
redw,2012,352517.0,0.0
apis,2012,163419.0,1054.0
shen,2012,1210200.0,10962.0
slbe,2012,1531560.0,0.0
moru,2012,2185447.0,760103.0
sacr,2012,,
yell,2012,3447729.0,1010045.0
noca,2012,26935.0,0.0
whis,2012,814374.0,6078.0
zion,2012,2973607.0,21900.0
goga,2012,14540338.0,0.0
fiis,2012,483334.0,196140.0
buff,2012,1093083.0,0.0
calo,2012,480294.0,4800.0
scbl,2012,122515.0,0.0
viis,2012,483341.0,357973.0
bawa,2012,,
bawa,2013,,
yose,2013,3691191.0,138170.0
grca,2013,4564840.0,43669.0
viis,2013,438601.0,354171.0
grsm,2013,9354695.0,10928876.0
redw,2013,393364.0,0.0
jotr,2013,1383340.0,4956.0
romo,2013,2991141.0,8750.0
grte,2013,2688794.0,1428528.0
fobo,2013,8082.0,0.0
dewa,2013,4843350.0,109056.0
sacr,2013,10709.0,0.0
peri,2013,95251.0,0.0
glac,2013,2190374.0,7897.0
ever,2013,1047116.0,2003.0
cany,2013,462242.0,0.0
natr,2013,6012740.0,8747380.0
blca,2013,175852.0,0.0
grfa,2013,,
shen,2013,1136505.0,10962.0
acad,2013,2254922.0,47100.0
gate,2013,6191246.0,769716.0
moja,2013,549599.0,0.0
upde,2013,228464.0,2130.0
goga,2013,14289121.0,0.0
buff,2013,1125227.0,0.0
neri,2013,1071823.0,2400.0
hafe,2013,255714.0,0.0
laro,2013,1254409.0,1200.0
deva,2013,951972.0,35419.0
bith,2013,120108.0,0.0
caha,2013,2214565.0,120055.0
lake,2013,6344714.0,230119.0
bibe,2013,316953.0,2364.0
chat,2013,3039892.0,0.0
guis,2013,4837965.0,96620.0
liri,2013,185477.0,0.0
blri,2013,12877368.0,1942260.0
olym,2013,3085340.0,913226.0
glca,2013,1991924.0,21044.0
seki,2013,,
chic,2013,1099669.0,1551389.0
mora,2013,1148552.0,573357.0
slbe,2013,1340007.0,0.0
chis,2013,212029.0,6006.0
isro,2013,16274.0,109.0
yell,2013,3188030.0,1049554.0
indu,2013,1681695.0,5253.0
voya,2013,233390.0,750.0
pore,2013,2641808.0,25788.0
gewa,2013,131683.0,7200.0
orpi,2013,206860.0,828592.0
zion,2013,2807387.0,21900.0
hale,2013,785300.0,29088.0
colm,2013,409351.0,314088.0
noca,2013,21623.0,0.0
crmo,2013,200525.0,0.0
crla,2013,523027.0,49600.0
nama,2013,,
gwmp,2013,7360392.0,33910598.0
caco,2013,4501898.0,29548.0
piro,2013,575450.0,1850.0
anac,2013,,
blri,2014,13941749.0,1942260.0
romo,2014,3434751.0,8750.0
gate,2014,6021713.0,814744.0
lake,2014,6942873.0,251813.0
grca,2014,4756771.0,50367.0
fofo,2014,,
acad,2014,2563129.0,47100.0
deva,2014,1101312.0,40655.0
jotr,2014,1589904.0,5820.0
pore,2014,2433944.0,25788.0
colm,2014,416862.0,316152.0
goga,2014,15004420.0,0.0
bicy,2014,1192856.0,0.0
buff,2014,1357057.0,0.0
zion,2014,3189696.0,21900.0
prsf,2014,,
grsm,2014,10099276.0,11234780.0
natr,2014,5846474.0,9601068.0
guis,2014,4455240.0,93041.0
pisc,2014,109473.0,0.0
yose,2014,3882642.0,146774.0
chat,2014,3119160.0,0.0
choh,2014,5066219.0,11880.0
nama,2014,,
rocr,2014,2437948.0,12283567.0
glca,2014,2368452.0,22525.0
seki,2014,,
asis,2014,2170681.0,3600.0
dewa,2014,4041672.0,108000.0
vafo,2014,1990881.0,0.0
safr,2014,4256888.0,0.0
keaq,2014,,
whis,2014,851901.0,6278.0
chic,2014,1152083.0,1645058.0
gwmp,2014,7472150.0,33988947.0
viis,2014,426930.0,375023.0
cana,2014,1451225.0,0.0
moja,2014,554560.0,0.0
badl,2014,868094.0,59891.0
care,2014,786514.0,46923.0
kaho,2014,154206.0,0.0
dena,2014,531315.0,837617.0
grte,2014,2791392.0,1505120.0
kemo,2014,2119013.0,25436401.0
noca,2014,23865.0,0.0
bith,2014,109956.0,0.0
drto,2014,64865.0,5847.0
amis,2014,1130096.0,1128.0
suit,2014,,
upde,2014,230845.0,2130.0
sacn,2014,671582.0,0.0
sara,2014,58773.0,91368.0
bisc,2014,525745.0,0.0
mora,2014,1264259.0,611390.0
neri,2014,1124799.0,2400.0
chis,2014,342161.0,6574.0
slbe,2014,1395401.0,0.0
yell,2014,3513484.0,1057554.0
hale,2014,1142040.0,29088.0
ozar,2014,1296437.0,0.0
caco,2014,4426750.0,29548.0
caha,2014,2153350.0,115571.0
redw,2014,429166.0,0.0
olym,2014,3243872.0,867491.0
hove,2014,26808.0,300.0
shen,2014,1255321.0,10962.0
glac,2014,2338528.0,15415.0
pinn,2014,196635.0,0.0
samo,2014,694714.0,93216.0
inde,2014,3648050.0,0.0
cany,2014,542431.0,0.0
cuga,2014,879934.0,8553790.0
wica,2014,547022.0,213488.0
wrst,2014,74722.0,0.0
laro,2014,1180898.0,1200.0
cuva,2014,2189849.0,0.0
biso,2014,599906.0,0.0
meve,2014,501563.0,4421.0
anac,2014,,
cure,2014,931367.0,0.0
lacl,2014,16100.0,0.0
bawa,2014,,
indu,2014,1553372.0,5253.0
cato,2014,188170.0,143658.0
elmo,2014,46256.0,9637.0
moru,2014,2144808.0,749709.0
bibe,2014,314102.0,2364.0
lake,2015,7298465.0,264711.0
inde,2015,4311582.0,0.0
prsf,2015,,
deva,2015,1154843.0,42662.0
guis,2015,3976883.0,91607.0
natr,2015,5785812.0,7108784.0
grba,2015,116123.0,695.0
yell,2015,4097710.0,1156118.0
yose,2015,4150217.0,155081.0
gate,2015,6392565.0,829034.0
laro,2015,1170843.0,1200.0
chic,2015,1254105.0,1665931.0
hofr,2015,180405.0,0.0
bawa,2015,,
olym,2015,3263761.0,819374.0
havo,2015,1832660.0,1855130.0
cong,2015,87513.0,0.0
ever,2015,1077427.0,1448.0
grca,2015,5520736.0,62876.0
redw,2015,527143.0,0.0
goga,2015,14888537.0,0.0
nama,2015,,
viis,2015,438372.0,359642.0
choh,2015,4798312.0,11880.0
maca,2015,566895.0,147471.0
gumo,2015,169535.0,0.0
anac,2015,,
appa,2015,,
pore,2015,2501106.0,25788.0
bicy,2015,1112290.0,0.0
drto,2015,70862.0,12117.0
ozar,2015,1277941.0,0.0
wrst,2015,80366.0,0.0
blri,2015,15054603.0,1942260.0
grsm,2015,10712674.0,11234780.0
chat,2015,3173204.0,0.0
buff,2015,1463304.0,0.0
gwmp,2015,7286463.0,34160836.0
mima,2015,964330.0,0.0
amis,2015,1250051.0,1128.0
keaq,2015,,
sacn,2015,623122.0,0.0
glac,2015,2366056.0,18826.0
dena,2015,560757.0,821207.0
grte,2015,3149921.0,1497965.0
rocr,2015,2443772.0,12283849.0
jela,2015,405618.0,192000.0
neri,2015,1178753.0,2400.0
cuga,2015,840601.0,8311786.0
pais,2015,582839.0,1800.0
badl,2015,989354.0,65911.0
whis,2015,843845.0,6214.0
care,2015,941029.0,47485.0
lamr,2015,831374.0,0.0
liri,2015,248135.0,0.0
glca,2015,2495093.0,25703.0
crla,2015,614712.0,49600.0
cany,2015,634607.0,0.0
shen,2015,1321873.0,10962.0
grfa,2015,,
caha,2015,2274635.0,122184.0
mora,2015,1237231.0,621531.0
fobo,2015,7760.0,0.0
dino,2015,291799.0,732.0
saan,2015,1322154.0,0.0
chch,2015,1002373.0,2389650.0
dewa,2015,3735134.0,108000.0
crmo,2015,246826.0,0.0
hafe,2015,282893.0,0.0
prwi,2015,312109.0,480.0
cuis,2015,59859.0,0.0
cuva,2015,2284612.0,0.0
zion,2015,3648846.0,21900.0
seki,2015,,
cure,2015,944742.0,0.0
niob,2015,68110.0,0.0
pagr,2015,,
jotr,2015,2025756.0,7680.0
sacr,2015,12557.0,0.0
brca,2015,1745804.0,419035.0
sagu,2015,753446.0,2901335.0
indu,2015,1640195.0,5253.0
whsa,2015,497506.0,0.0
noca,2015,20677.0,0.0
upde,2015,243246.0,2130.0
alpo,2015,168433.0,180.0
slbe,2015,1535633.0,0.0
mnrr,2015,145004.0,0.0
suit,2015,,
nace,2015,,
calo,2015,400413.0,4800.0
obed,2015,,
biso,2015,643135.0,0.0
colm,2015,588006.0,331829.0
romo,2015,4155916.0,8750.0
gett,2015,1080185.0,74400.0
fowa,2015,337433.0,0.0
linc,2015,7941771.0,0.0
cana,2015,1689754.0,0.0
coro,2015,132584.0,2508.0
vafo,2015,2143965.0,0.0
safr,2015,4173014.0,0.0
lake,2016,7175891.0,260265.0
cuva,2016,2423390.0,0.0
blri,2016,15175578.0,1942260.0
shen,2016,1437341.0,10962.0
yose,2016,5028868.0,188246.0
goga,2016,15638777.0,0.0
romo,2016,4517585.0,8750.0
natr,2016,5891315.0,6691579.0
grca,2016,5969811.0,60435.0
bawa,2016,,
glca,2016,3239525.0,34023.0
pore,2016,2438442.0,25788.0
gwmp,2016,10323339.0,37966590.0
grsm,2016,11312786.0,11215231.0
amis,2016,1164530.0,1128.0
hosp,2016,1544300.0,2352769.0
scbl,2016,130085.0,0.0
colo,2016,3352656.0,2106594.0
pais,2016,634012.0,1800.0
rocr,2016,2478735.0,12417838.0
cato,2016,221750.0,192896.0
zion,2016,4295127.0,21900.0
biso,2016,684715.0,0.0
ozar,2016,1241480.0,0.0
bith,2016,192809.0,0.0
seki,2016,,
bicy,2016,1102148.0,0.0
mora,2016,1356913.0,562117.0
olym,2016,3390221.0,800263.0
bost,2016,2594495.0,64980.0
choh,2016,4813078.0,11880.0
kemo,2016,2360256.0,25340650.0
ever,2016,930907.0,1162.0
neri,2016,1197931.0,2400.0
casa,2016,854664.0,0.0
guis,2016,4771309.0,100029.0
buff,2016,1785359.0,0.0
gate,2016,8651770.0,837104.0
dewa,2016,3677744.0,54000.0
dena,2016,587412.0,805746.0
buis,2016,38929.0,0.0
thro,2016,753880.0,6578.0
glac,2016,2946681.0,15823.0
chat,2016,2736385.0,0.0
laro,2016,1253571.0,1200.0
chis,2016,364807.0,7387.0
bibe,2016,388290.0,2364.0
liri,2016,462700.0,0.0
yell,2016,4257177.0,1198856.0
samo,2016,906606.0,81519.0
nama,2016,,
glba,2016,520171.0,600.0
acad,2016,3303393.0,47100.0
deva,2016,1296283.0,49687.0
grte,2016,3270076.0,1552896.0
slbe,2016,1683553.0,0.0
moru,2016,2431231.0,846071.0
dino,2016,304312.0,732.0
arch,2016,1585718.0,0.0
labe,2016,127699.0,771.0
lyjo,2016,140303.0,0.0
bisc,2016,514709.0,0.0
suit,2016,,
caha,2016,2411711.0,129387.0
vafo,2016,2428724.0,0.0
moja,2016,585635.0,0.0
coro,2016,136075.0,2508.0
anac,2016,,
cure,2016,982498.0,0.0
indu,2016,1698223.0,5253.0
crla,2016,756344.0,49600.0
apis,2016,183796.0,1054.0
jotr,2016,2505286.0,9553.0
hocu,2016,58058.0,0.0
asis,2016,2267821.0,3600.0
upde,2016,264362.0,2130.0
mnrr,2016,148210.0,0.0
wica,2016,617377.0,249618.0
band,2016,198478.0,840.0
cany,2016,776218.0,0.0
sagu,2016,820426.0,2920244.0
lamr,2016,1025613.0,0.0
lacl,2016,21102.0,0.0
bica,2016,259485.0,6900.0
clba,2016,0.0,0.0
fova,2016,1092031.0,0.0
viis,2016,411343.0,264959.0
redw,2016,536297.0,0.0
hafe,2016,335691.0,0.0
olym,2017,3401996.0,777419.0
orpi,2017,260534.0,1193054.0
glac,2017,3305512.0,15807.0
yose,2017,4336890.0,163654.0
zion,2017,4504812.0,21900.0
noca,2017,30326.0,0.0
liri,2017,367058.0,0.0
lake,2017,7882339.0,285887.0
natr,2017,6326062.0,8757308.0
caha,2017,2433703.0,129195.0
havo,2017,2016702.0,1856243.0
ever,2017,1018557.0,6766.0
gwmp,2017,7562793.0,37222906.0
saan,2017,1381383.0,0.0
jela,2017,456666.0,192000.0
chch,2017,994537.0,2379475.0
guis,2017,3952941.0,87583.0
nama,2017,,
grca,2017,6254238.0,26158.0
viis,2017,304408.0,232274.0
sacn,2017,772475.0,0.0
grfa,2017,,
goga,2017,14981897.0,0.0
neri,2017,1168658.0,2400.0
gate,2017,9190610.0,1503109.0
grte,2017,3317000.0,1652347.0
rocr,2017,2483788.0,12385128.0
inde,2017,4790758.0,0.0
suit,2017,,
romo,2017,4437215.0,8750.0
maca,2017,587853.0,136017.0
cuva,2017,2226879.0,0.0
jotr,2017,2853619.0,10688.0
choh,2017,4859573.0,11880.0
pore,2017,2456669.0,25788.0
wicr,2017,206346.0,0.0
brca,2017,2571684.0,420540.0
prsf,2017,,
seki,2017,,
hafe,2017,342535.0,0.0
buff,2017,1471330.0,0.0
blri,2017,16093765.0,1942260.0
shen,2017,1458874.0,10962.0
frsp,2017,919311.0,1217246.0
bawa,2017,,
deva,2017,1294827.0,49300.0
glca,2017,4574940.0,34622.0
grsa,2017,486935.0,470.0
morr,2017,268295.0,0.0
acad,2017,3509271.0,47100.0
niob,2017,80806.0,0.0
sagu,2017,964760.0,2139033.0
moja,2017,716604.0,0.0
grsm,2017,11338893.0,10396268.0
deto,2017,499031.0,4524.0
dewa,2017,3400944.0,54000.0
yell,2017,4116524.0,1247548.0
dino,2017,315859.0,732.0
gree,2017,141856.0,0.0
ozar,2017,1165296.0,0.0
pais,2017,650197.0,1800.0
samo,2017,897593.0,93637.0
dena,2017,642809.0,793286.0
drto,2017,54281.0,1476.0
bibe,2017,440276.0,2364.0
cave,2017,520026.0,0.0
cany,2017,742271.0,0.0
colo,2017,3333448.0,2106650.0
colm,2017,375035.0,350601.0
hosp,2017,1561616.0,2455528.0
crla,2017,711749.0,49600.0
upde,2017,253537.0,2130.0
lavo,2017,507256.0,0.0
blca,2017,307143.0,0.0
mnrr,2017,119816.0,0.0
mora,2017,1415867.0,631035.0
laro,2017,1304403.0,1200.0
cato,2017,236243.0,188970.0
lamr,2017,1329076.0,0.0
gois,2017,625653.0,0.0
anac,2017,,
lacl,2017,22755.0,0.0
chat,2017,2768499.0,0.0
fiis,2017,456392.0,225126.0
waca,2017,165134.0,480.0
caco,2017,4125418.0,29548.0
arch,2017,1539028.0,0.0
nace,2017,,
hale,2017,1112390.0,29088.0
voya,2017,237250.0,0.0
care,2017,1150165.0,53170.0
gari,2017,118733.0,0.0
cuga,2017,737547.0,7814995.0
bith,2017,170649.0,0.0
obed,2017,,
gett,2017,1038649.0,74400.0
asis,2017,2347167.0,3600.0
meve,2017,613788.0,9012.0
calo,2018,408399.0,4800.0
gwmp,2018,7288623.0,36031978.0
prsf,2018,,
deva,2018,1678660.0,66206.0
petr,2018,268613.0,0.0
cure,2018,931512.0,0.0
yose,2018,4009436.0,151651.0
lake,2018,7578958.0,274885.0
dewa,2018,3261921.0,54000.0
bibe,2018,440091.0,2364.0
rocr,2018,2395342.0,12386843.0
neri,2018,1232627.0,2400.0
goga,2018,15223697.0,0.0
grca,2018,6380495.0,23748.0
grte,2018,3491151.0,1617873.0
orpi,2018,260375.0,1184470.0
blri,2018,14690418.0,1942260.0
kimo,2018,287635.0,277615.0
bicy,2018,794350.0,0.0
buff,2018,1240119.0,0.0
zion,2018,4320033.0,21900.0
bawa,2018,,
chat,2018,2873866.0,0.0
cany,2018,739449.0,0.0
colm,2018,375467.0,347277.0
gate,2018,9243305.0,1241829.0
bost,2018,3053241.0,62280.0
yell,2018,4115000.0,1229439.0
inde,2018,4576456.0,0.0
viis,2018,112287.0,199819.0
kemo,2018,2549164.0,25283363.0
choh,2018,4438818.0,11880.0
romo,2018,4590493.0,8750.0
mora,2018,1518491.0,737168.0
suit,2018,,
pore,2018,2397722.0,25788.0
nama,2018,,
grfa,2018,,
sacn,2018,724644.0,0.0
mana,2018,542004.0,480.0
sagu,2018,957405.0,2089346.0
laro,2018,1276722.0,1200.0
glca,2018,4219441.0,32447.0
miss,2018,417022.0,0.0
whis,2018,585768.0,6006.0
grsm,2018,11421200.0,10544377.0
natr,2018,6362439.0,8972665.0
colo,2018,3294224.0,2108599.0
jotr,2018,2942382.0,10516.0
seki,2018,,
hale,2018,1044084.0,29088.0
katm,2018,37818.0,0.0
liri,2018,441177.0,0.0
noca,2018,30085.0,0.0
clba,2018,425.0,0.0
shen,2018,1264880.0,10962.0
lamr,2018,1106233.0,0.0
appa,2018,,
voya,2018,239656.0,0.0
glac,2018,2965309.0,13532.0
cuga,2018,684191.0,8180477.0
chic,2018,1477906.0,1640554.0
caha,2018,2591056.0,135347.0
nace,2018,,
stli,2018,4335431.0,0.0
wrst,2018,79450.0,0.0
moru,2018,2311273.0,798744.0
dino,2018,304468.0,732.0
arch,2018,1663557.0,0.0
asis,2018,2136889.0,3600.0
caco,2018,3926462.0,29548.0
meve,2018,563420.0,10225.0
ever,2018,597124.0,6000.0
anac,2018,,
libi,2018,272591.0,2366.0
dena,2018,594660.0,784032.0
guis,2018,4229968.0,107041.0
indu,2018,1756079.0,5701.0
olym,2018,3104455.0,728811.0
ozar,2018,1264657.0,0.0
bica,2018,235570.0,6900.0
drto,2018,56810.0,4455.0
sajh,2018,255032.0,74023.0
pais,2018,616033.0,1800.0
biso,2018,760906.0,0.0
cana,2018,1657855.0,0.0
slbe,2018,1643600.0,0.0
redw,2018,482536.0,0.0
whsa,2018,603008.0,0.0
piro,2018,815308.0,1850.0
glba,2018,597915.0,644.0
crla,2018,720659.0,49600.0
pete,2018,204322.0,364012.0
cuva,2018,2096053.0,0.0
grsa,2018,442905.0,470.0
fopu,2018,419930.0,19476.0
bisc,2018,469253.0,0.0
flfo,2018,79568.0,0.0
saan,2019,1281121.0,0.0
prsf,2019,,
bawa,2019,,
grca,2019,5974411.0,21249.0
yell,2019,4020288.0,1187528.0
yose,2019,4422861.0,163602.0
piro,2019,858715.0,3456.0
arch,2019,1659702.0,0.0
wicr,2019,232838.0,0.0
grsm,2019,12547743.0,10544367.0
goga,2019,15002227.0,0.0
neri,2019,1195721.0,2400.0
guis,2019,5600240.0,115381.0
blri,2019,14976085.0,1942260.0
dewa,2019,3374865.0,54000.0
safr,2019,4016598.0,0.0
sagu,2019,1020226.0,2694738.0
bith,2019,255926.0,0.0
lake,2019,7499049.0,271986.0
natr,2019,6296041.0,9160331.0
fofo,2019,,
orpi,2019,263186.0,1288060.0
glac,2019,3049839.0,13103.0
jotr,2019,2988547.0,10442.0
suit,2019,,
pore,2019,2265301.0,25788.0
maca,2019,551590.0,109392.0
cany,2019,733996.0,0.0
deva,2019,1740945.0,68981.0
viis,2019,133398.0,238252.0
kemo,2019,2621050.0,25343800.0
chic,2019,1422612.0,1640957.0
choh,2019,5116787.0,11880.0
shen,2019,1425507.0,10962.0
nama,2019,,
chat,2019,3393133.0,0.0
acad,2019,3437286.0,47100.0
liri,2019,649986.0,0.0
redw,2019,504722.0,0.0
moja,2019,841516.0,0.0
zion,2019,4488268.0,21900.0
gate,2019,9405622.0,1132623.0
gwmp,2019,7487265.0,36298118.0
olym,2019,3245806.0,718520.0
crla,2019,704512.0,49600.0
gumo,2019,188833.0,1440.0
caco,2019,4096104.0,29548.0
grfa,2019,,
amis,2019,1267900.0,1128.0
buff,2019,1326282.0,0.0
gosp,2019,108154.0,31000.0
pinn,2019,177224.0,0.0
seki,2019,,
noca,2019,38208.0,0.0
bibe,2019,463832.0,2364.0
mora,2019,1501621.0,746897.0
ozar,2019,1221489.0,0.0
whho,2019,454117.0,0.0
hale,2019,994394.0,20160.0
laro,2019,1358818.0,1200.0
klgo,2019,1116161.0,0.0
whsa,2019,608785.0,0.0
whis,2019,687159.0,6084.0
caha,2019,2606632.0,139472.0
rocr,2019,2416232.0,12386843.0
glca,2019,4330563.0,37176.0
romo,2019,4670053.0,8750.0
cure,2019,836034.0,0.0
frsp,2019,906800.0,1396899.0
dena,2019,601152.0,787826.0
frst,2019,,
cuva,2019,2237997.0,0.0
colm,2019,397032.0,368232.0
dino,2019,298965.0,732.0
biso,2019,750494.0,0.0
grte,2019,3405614.0,1610087.0
bicy,2019,1007471.0,0.0
havo,2019,1368376.0,1849253.0
appa,2019,,
samo,2019,707566.0,111348.0
isro,2019,26410.0,291.0
nace,2019,,
blca,2019,432818.0,0.0
lamr,2019,1328340.0,0.0
indu,2019,2134285.0,4054.0
sacn,2019,638258.0,0.0
gett,2019,925117.0,74400.0
eise,2019,47277.0,0.0
fiis,2019,391311.0,184626.0
peco,2019,43834.0,0.0
glba,2019,672087.0,489.0
pete,2019,235691.0,357761.0
cana,2019,1884122.0,0.0
anac,2019,,
muwo,2019,812073.0,0.0
asis,2019,2344536.0,3600.0
apis,2019,240613.0,2016.0
anac,2020,,
caco,2020,4083505.0,29548.0
hale,2020,319147.0,20160.0
natr,2020,6124808.0,8328954.0
rocr,2020,1768152.0,12421268.0
romo,2020,3305199.0,8750.0
drto,2020,48543.0,1392.0
grca,2020,2897098.0,14788.0
chat,2020,3066877.0,0.0
yell,2020,3806306.0,1122445.0
viis,2020,167540.0,204441.0
bawa,2020,,
fopu,2020,357970.0,19476.0
seki,2020,,
blri,2020,14099485.0,1942260.0
lake,2020,8016510.0,290754.0
ever,2020,702319.0,6000.0
goga,2020,12400045.0,0.0
grsm,2020,12095720.0,10544367.0
gwmp,2020,6237361.0,22888129.0
guis,2020,4012129.0,92297.0
libi,2020,97461.0,909.0
colo,2020,2946594.0,1807358.0
dino,2020,264145.0,732.0
glca,2020,2553392.0,23245.0
deva,2020,820023.0,33210.0
calo,2020,488331.0,2160.0
liri,2020,802375.0,0.0
laro,2020,1519403.0,1200.0
wrbr,2020,277963.0,2190.0
ozar,2020,1316795.0,0.0
neri,2020,1054374.0,2400.0
dewa,2020,4068529.0,54000.0
suit,2020,,
hosp,2020,1348215.0,148205.0
petr,2020,356492.0,0.0
lamr,2020,1612784.0,0.0
buff,2020,1478846.0,0.0
moja,2020,608633.0,0.0
cuva,2020,2755628.0,0.0
nama,2020,,
caha,2020,2648522.0,143397.0
frsp,2020,838835.0,1360399.0
bibe,2020,393907.0,2364.0
bisc,2020,402770.0,0.0
gate,2020,8404728.0,859987.0
miss,2020,204707.0,0.0
cure,2020,921584.0,0.0
choh,2020,4888436.0,11880.0
indu,2020,2293106.0,3943.0
mora,2020,1160754.0,457804.0
colm,2020,435625.0,356510.0
glac,2020,1698864.0,0.0
yose,2020,2268313.0,92498.0
sacn,2020,798622.0,0.0
biso,2020,772625.0,0.0
cuga,2020,735447.0,7682622.0
olym,2020,2499177.0,604587.0
grte,2020,3289638.0,1220029.0
cany,2020,493914.0,0.0
whis,2020,805295.0,5874.0
jotr,2020,2399542.0,9028.0
noca,2020,30885.0,0.0
samo,2020,733576.0,90732.0
shen,2020,1666265.0,10962.0
badl,2020,916932.0,55984.0
jeff,2020,486021.0,0.0
wrst,2020,16655.0,0.0
nace,2020,,
chis,2020,167290.0,3144.0
hafe,2020,234473.0,0.0
blca,2020,341620.0,0.0
amis,2020,1424139.0,1128.0
pore,2020,2252424.0,25788.0
orpi,2020,191512.0,865849.0
grfa,2020,,
lake,2021,7603474.0,275774.0
viis,2021,323999.0,195361.0
olym,2021,2718925.0,606287.0
mora,2021,1670063.0,807754.0
rocr,2021,1838346.0,12386844.0
goga,2021,13712614.0,0.0
colm,2021,499841.0,364071.0
suit,2021,,
gwmp,2021,6821179.0,27665536.0
natr,2021,6401346.0,8750354.0
choh,2021,5005217.0,11880.0
cure,2021,1043725.0,0.0
yose,2021,3287595.0,133622.0
grca,2021,4532677.0,18243.0
nama,2021,,
hafe,2021,309901.0,0.0
caha,2021,3206056.0,166939.0
neri,2021,1682720.0,2400.0
mana,2021,516604.0,480.0
kemo,2021,1800823.0,25688649.0
sacn,2021,732100.0,0.0
deva,2021,1146551.0,46149.0
wrst,2021,50189.0,0.0
nace,2021,,
ozar,2021,1328773.0,0.0
guis,2021,5458816.0,104172.0
grte,2021,3885230.0,1587871.0
clba,2021,0.0,0.0
zion,2021,5039835.0,21900.0
dewa,2021,4340902.0,54000.0
whis,2021,816608.0,6182.0
blri,2021,15948148.0,1942260.0
glca,2021,3144318.0,18008.0
chat,2021,3256151.0,0.0
cuva,2021,2575275.0,0.0
bawa,2021,,
cana,2021,2218059.0,0.0
jotr,2021,3064400.0,11345.0
acad,2021,4069098.0,47100.0
natc,2021,56264.0,0.0
gumo,2021,243291.0,1440.0
cany,2021,911594.0,0.0
grsm,2021,14161548.0,10141683.0
seki,2021,,
prwi,2021,325248.0,120.0
chch,2021,945390.0,2266432.0
blca,2021,308910.0,0.0
cave,2021,349244.0,0.0
dena,2021,229521.0,1118096.0
buff,2021,1515874.0,0.0
pore,2021,2738098.0,25788.0
yell,2021,4860242.0,1329368.0
glac,2021,3081656.0,7986.0
indu,2021,3177210.0,3943.0
cato,2021,520339.0,190145.0
slbe,2021,1722955.0,0.0
romo,2021,4434848.0,8750.0
bica,2021,219505.0,6900.0
redw,2021,435879.0,10824.0
upde,2021,269810.0,321936.0
shen,2021,1592312.0,10962.0
asis,2021,2662716.0,3600.0
whsa,2021,782469.0,0.0
arch,2021,1806865.0,0.0
laro,2021,1336629.0,1200.0
anac,2021,,
pinn,2021,348857.0,0.0
jela,2021,247749.0,192000.0
piro,2021,1313179.0,3338.0
moru,2021,2525868.0,875777.0
obed,2021,,
fiis,2021,224924.0,207429.0
biso,2021,834724.0,0.0
gate,2021,9060807.0,799992.0
caco,2021,4017239.0,29548.0
hobe,2021,58285.0,0.0
gari,2021,167794.0,0.0
orpi,2021,190848.0,457038.0
lamr,2021,1307769.0,0.0
elma,2021,181729.0,720.0
sagu,2021,1079786.0,2931086.0
mima,2021,983201.0,0.0
calo,2021,562461.0,2160.0
liri,2021,862606.0,0.0
fodu,2021,,
lowe,2021,49721.0,0.0
linc,2021,5792331.0,0.0
vafo,2021,1502209.0,0.0
thje,2021,,
colo,2021,3114420.0,1892186.0
wrbr,2021,482191.0,2190.0
havo,2022,1580961.0,1890756.0
petr,2022,339394.0,0.0
deva,2022,1128862.0,44315.0
bawa,2022,,
goga,2022,15638911.0,0.0
jotr,2022,3058294.0,11329.0
natr,2022,6543533.0,8503412.0
grca,2022,4732101.0,7720.0
gwmp,2022,7397120.0,33282505.0
lake,2022,5578226.0,202320.0
colo,2022,2762273.0,1682553.0
romo,2022,4300424.0,8750.0
ever,2022,1155193.0,6000.0
yose,2022,3667550.0,144769.0
pais,2022,531624.0,1800.0
blri,2022,15711004.0,1942260.0
grte,2022,2806223.0,1536763.0
glca,2022,2842776.0,23322.0
mnrr,2022,133162.0,0.0
nama,2022,,
indu,2022,2834180.0,3943.0
grsm,2022,12937633.0,10832000.0
guis,2022,5685155.0,110991.0
buff,2022,1306932.0,0.0
gari,2022,163510.0,0.0
neri,2022,1593523.0,2400.0
cuva,2022,2913312.0,0.0
acad,2022,3970260.0,47100.0
maca,2022,663147.0,133350.0
choh,2022,4286185.0,11880.0
suit,2022,,
brca,2022,2354660.0,409353.0
rocr,2022,2026156.0,12419553.0
clba,2022,673.0,0.0
chat,2022,3537848.0,0.0
band,2022,210941.0,840.0
cure,2022,992749.0,0.0
pisc,2022,243212.0,0.0
bibe,2022,514107.0,2700.0
cana,2022,2122075.0,0.0
gate,2022,8728291.0,916791.0
upde,2022,270718.0,331091.0
drto,2022,78488.0,2109.0
mana,2022,532727.0,480.0
morr,2022,245231.0,0.0
bith,2022,276788.0,0.0
colm,2022,480442.0,364961.0
seki,2022,,
dena,2022,427562.0,903543.0
moja,2022,773463.0,0.0
cany,2022,779147.0,0.0
redw,2022,458400.0,10824.0
zion,2022,4692417.0,21900.0
pete,2022,180907.0,399296.0
shen,2022,1449300.0,10962.0
glac,2022,2908458.0,13835.0
rich,2022,173124.0,148193.0
whis,2022,1505134.0,6044.0
biso,2022,797726.0,0.0
crmo,2022,237774.0,0.0
yell,2022,3290242.0,1336634.0
caha,2022,2862844.0,149140.0
dewa,2022,4380225.0,54000.0
noca,2022,30154.0,0.0
meve,2022,499790.0,10650.0
kaho,2022,291342.0,0.0
mora,2022,1622395.0,749192.0
glba,2022,545758.0,545.0
olym,2022,2432972.0,622476.0
badl,2022,1006809.0,55984.0
pefo,2022,505209.0,120.0
grba,2022,142115.0,1200.0
viis,2022,196752.0,201233.0
pinn,2022,275023.0,0.0
ozar,2022,1291305.0,0.0
sacn,2022,833773.0,0.0
obed,2022,,
amme,2022,,
grfa,2022,,
bisc,2022,701023.0,0.0
lavo,2022,446291.0,0.0
slbe,2022,1501117.0,0.0
arch,2022,1460652.0,0.0
caco,2022,3968672.0,29548.0
frsp,2022,756296.0,1244420.0
wupa,2022,194448.0,6531.0
asis,2022,2340269.0,3600.0
elma,2022,162755.0,720.0
pore,2022,2336202.0,25788.0
gumo,2022,219987.0,1440.0
bicy,2023,1846562.0,0.0
shen,2023,1576008.0,10962.0
natr,2023,6784853.0,9395218.0
vafo,2023,1880527.0,0.0
nama,2023,,
rocr,2023,1817868.0,12419553.0
wapa,2023,415533.0,333.0
york,2023,,
goga,2023,14953882.0,0.0
suit,2023,,
samo,2023,759352.0,49659.0
prsf,2023,,
bawa,2023,,
piro,2023,910939.0,3141.0
colm,2023,486179.0,354101.0
viis,2023,343685.0,231252.0
grca,2023,4733705.0,12533.0
bibe,2023,509129.0,2700.0
clba,2023,4223.0,0.0
yose,2023,3897070.0,160167.0
lake,2023,5798541.0,210310.0
cuva,2023,2860059.0,0.0
arch,2023,1482045.0,0.0
neri,2023,1707223.0,2400.0
chis,2023,328746.0,12197.0
dewa,2023,4207541.0,54000.0
cure,2023,957635.0,0.0
elma,2023,167107.0,720.0
olym,2023,2947503.0,1045102.0
frst,2023,143045.0,122.0
jotr,2023,3270404.0,12171.0
sacn,2023,806257.0,0.0
chch,2023,1021822.0,2230645.0
grsm,2023,13297647.0,10832000.0
acad,2023,3879890.0,47100.0
chat,2023,3183081.0,0.0
cany,2023,800322.0,0.0
gumo,2023,227340.0,1440.0
dena,2023,498722.0,847073.0
blri,2023,16757635.0,1942260.0
caha,2023,2826169.0,145103.0
gate,2023,8705329.0,994692.0
colo,2023,2691931.0,1460678.0
fodu,2023,,
choh,2023,4470592.0,11880.0
yell,2023,4501382.0,1306861.0
glca,2023,5206934.0,27091.0
buff,2023,1549467.0,0.0
glac,2023,2933616.0,2644.0
appa,2023,,
calo,2023,529995.0,2160.0
ozar,2023,1334137.0,0.0
chic,2023,2082326.0,0.0
guis,2023,8277857.0,283104.0
rich,2023,169145.0,145244.0
indu,2023,2765892.0,3943.0
lamr,2023,1337683.0,0.0
gwmp,2023,7391260.0,34753571.0
romo,2023,4115837.0,8750.0
deva,2023,1099632.0,44158.0
orpi,2023,186601.0,257915.0
grte,2023,3417106.0,1570845.0
pore,2023,2268058.0,25788.0
grfa,2023,,
mora,2023,1674294.0,849082.0
frsp,2023,844890.0,1420334.0
liri,2023,700638.0,0.0
laro,2023,1140360.0,1200.0
seki,2023,,
lacl,2023,16728.0,3223.0
brca,2023,2461269.0,408397.0
noca,2023,40351.0,0.0
asis,2023,2351874.0,3600.0
gari,2023,187223.0,0.0
kemo,2023,1499217.0,34946763.0
care,2023,1268861.0,87886.0
whis,2023,920311.0,5982.0
redw,2023,409105.0,10824.0
gree,2023,91785.0,0.0
maca,2023,654450.0,110436.0
coro,2023,140089.0,2508.0
wupa,2023,215703.0,6531.0
bith,2023,262791.0,0.0
natr,2024,7364833.0,9395608.0
chic,2024,1670498.0,0.0
rich,2024,156538.0,125379.0
mono,2024,116520.0,90.0
ozar,2024,1343779.0,0.0
lake,2024,6412854.0,232590.0
frsp,2024,818533.0,1485261.0
vafo,2024,1866480.0,0.0
cana,2024,1884091.0,0.0
guis,2024,7801176.0,217406.0
glca,2024,4725610.0,25354.0
bawa,2024,,
yose,2024,4121807.0,163922.0
ever,2024,741983.0,6000.0
moja,2024,424864.0,0.0
laro,2024,1091489.0,1200.0
redw,2024,622883.0,10824.0
nace,2024,,
buis,2024,42289.0,0.0
neri,2024,1811937.0,2400.0
choh,2024,4421276.0,11880.0
rocr,2024,1917170.0,12421269.0
caha,2024,2762954.0,141654.0
grsm,2024,12191834.0,10832000.0
biso,2024,779602.0,0.0
cuva,2024,2912454.0,0.0
buff,2024,1686348.0,0.0
pais,2024,514722.0,1800.0
seki,2024,,
cave,2024,460474.0,0.0
blri,2024,16733639.0,1010223.0
goga,2024,17187508.0,0.0
asis,2024,2282498.0,3600.0
bisc,2024,512213.0,0.0
anac,2024,,
cach,2024,387433.0,567325.0
vick,2024,403332.0,0.0
indu,2024,2705209.0,3943.0
grca,2024,4919163.0,21010.0
whis,2024,812244.0,5875.0
liri,2024,763209.0,0.0
olym,2024,3717267.0,1086478.0
havo,2024,1433593.0,1881779.0
dena,2024,466227.0,887033.0
mora,2024,1620006.0,870722.0
deva,2024,1440484.0,57328.0
shen,2024,1720211.0,10962.0
piro,2024,953052.0,1850.0
brca,2024,2498075.0,408146.0
bith,2024,271823.0,0.0
dino,2024,322113.0,732.0
dewa,2024,4079763.0,54000.0
pore,2024,2371800.0,25788.0
